{"cameraMode":{"drawMode":0,"name":"Shaded","section":"Shading Mode"},"sceneLighting":false,"audioPlay":false,"sceneViewState":{"showFog":true,"showMaterialUpdate":false,"showSkybox":false,"showFlares":true,"showImageEffects":true,"showParticleSystems":true},"in2DMode":false,"pivot":{"x":-0.0003323554992675781,"y":4.479391098022461,"z":0.008539676666259766},"rotation":{"x":-0.1463572233915329,"y":0.5775298476219177,"z":-0.10617179423570633,"w":-0.7961071133613586},"size":8.09705638885498,"orthographic":false}