{"cameraMode":{"drawMode":0,"name":"Shaded","section":"Shading Mode"},"sceneLighting":false,"audioPlay":false,"sceneViewState":{"showFog":false,"showMaterialUpdate":false,"showSkybox":false,"showFlares":false,"showImageEffects":false,"showParticleSystems":false},"in2DMode":false,"pivot":{"x":-0.0001894235610961914,"y":0.6398470401763916,"z":-0.0007622241973876953},"rotation":{"x":-0.18591570854187013,"y":0.6784725785255432,"z":-0.18372029066085816,"w":-0.6865589022636414},"size":3.4981541633605959,"orthographic":false}