{"cameraMode":{"drawMode":0,"name":"Shaded","section":"Shading Mode"},"sceneLighting":false,"audioPlay":false,"sceneViewState":{"showFog":false,"showMaterialUpdate":false,"showSkybox":false,"showFlares":false,"showImageEffects":false,"showParticleSystems":false},"in2DMode":false,"pivot":{"x":0.17747128009796143,"y":1.897416353225708,"z":0.21481040120124818},"rotation":{"x":-0.0029169172048568727,"y":-0.9931363463401794,"z":0.11416076868772507,"w":-0.025415487587451936},"size":3.0396831035614015,"orthographic":false}