{"cameraMode":{"drawMode":0,"name":"Shaded","section":"Shading Mode"},"sceneLighting":false,"audioPlay":false,"sceneViewState":{"showFog":false,"showMaterialUpdate":false,"showSkybox":false,"showFlares":false,"showImageEffects":false,"showParticleSystems":false},"in2DMode":false,"pivot":{"x":0.0002276897430419922,"y":1.759386658668518,"z":-0.8565531969070435},"rotation":{"x":0.17782317101955415,"y":-0.04316725581884384,"z":0.007804460823535919,"w":0.9830871820449829},"size":3.5348544120788576,"orthographic":false}